Cluster,Average_Engagement,Spike_Count
0,327832.6811881188,0
1,327942.53911735205,7
2,317602.71794871794,1
